nearest_places_id,post_id,place_id
1,1,ChIJ12d3ZlmYpBIRStDXELkkdJE
2,1,ChIJNbGKpPyipBIRWOE2AiC82hc
3,1,ChIJC6CEtf2ipBIRkFQaF95uL1Q
4,1,ChIJeYwrA_uipBIRtLLknGLSRQA
5,2,ChIJBTfBbwCjpBIRK-jjm940utc
6,2,ChIJa-K8mf6ipBIRY8wAB3EeASc
7,2,ChIJC6CEtf2ipBIRkFQaF95uL1Q
8,2,ChIJveK7vP6ipBIRiegu-jsxGX8
9,3,ChIJMSlpOfGipBIRf5cyHKdpsHg
10,3,ChIJ4aTqxfaipBIRi9Kz759j6GI
11,3,ChIJ7z9uFveipBIRzDCxOaCzzSU
12,3,ChIJfx2I8vaipBIR2bIdtf-roQE
13,4,ChIJ12d3ZlmYpBIRStDXELkkdJE
14,4,ChIJNbGKpPyipBIRWOE2AiC82hc
15,4,ChIJC6CEtf2ipBIRkFQaF95uL1Q
16,4,ChIJeYwrA_uipBIRtLLknGLSRQA
17,5,ChIJ12d3ZlmYpBIRStDXELkkdJE
18,5,ChIJNbGKpPyipBIRWOE2AiC82hc
19,5,ChIJC6CEtf2ipBIRkFQaF95uL1Q
20,5,ChIJeYwrA_uipBIRtLLknGLSRQA
21,6,ChIJ12d3ZlmYpBIRStDXELkkdJE
22,6,ChIJNbGKpPyipBIRWOE2AiC82hc
23,6,ChIJC6CEtf2ipBIRkFQaF95uL1Q
24,6,ChIJeYwrA_uipBIRtLLknGLSRQA
25,7,ChIJ8Xo6PvSYpBIRL-dJTf5d_Ws
26,7,ChIJ7SJqF16YpBIREBCq47mBUEE
27,7,ChIJsdwp5lyYpBIRhBBtKFR6HSM
28,7,ChIJm0a9ZICipBIR7ZTc9Z5nhRs
29,8,ChIJmcQFU8mjpBIRlChkxov5sC0
30,8,ChIJM5FFbvKipBIRdWugDh577Ao
31,8,ChIJzyCpuvOipBIR81q13eFJsyw
32,8,ChIJbf9sA-yipBIRBsaWQtiGMLs
33,9,ChIJD68YoJWipBIRWzQhzWcsALI
34,9,ChIJ1eGKmZOipBIRah43T2Kjn8Q
35,9,ChIJKf2c45mipBIRVnRr1lyRhRo
36,9,ChIJPxzK0pmipBIR6RILH9uL_zo
37,10,ChIJWxm_GPOipBIRYYt8fBKUWRI
38,10,ChIJzyCpuvOipBIR81q13eFJsyw
39,10,ChIJM5FFbvKipBIRdWugDh577Ao
40,10,ChIJ5XvzpJKipBIRrTCSZXbotTo
41,11,ChIJJVQ6VneipBIRIV6uqvMfBI0
42,11,ChIJJ2JbaneipBIRpVQ6RTJSwLA
43,11,ChIJDwChfMujpBIRLwxQ13Y-1Uw
44,11,ChIJMStor32ipBIRRP9xCurvX40
45,12,ChIJNbGKpPyipBIRWOE2AiC82hc
46,12,ChIJeYwrA_uipBIRtLLknGLSRQA
47,12,ChIJmcQFU8mjpBIRlChkxov5sC0
48,12,ChIJbf9sA-yipBIRBsaWQtiGMLs
49,13,ChIJ0V6MrPWipBIRKnssXv0o_Y4
50,13,ChIJLcC0-PSipBIRdHiFCj_ewdY
51,13,ChIJN4zPLvSipBIRnANNEEwB15Q
52,13,ChIJfx2I8vaipBIR2bIdtf-roQE
53,14,ChIJzyCpuvOipBIR81q13eFJsyw
54,14,ChIJMSlpOfGipBIRf5cyHKdpsHg
55,14,ChIJ4aTqxfaipBIRi9Kz759j6GI
56,14,ChIJWxm_GPOipBIRYYt8fBKUWRI
57,15,ChIJWXpb8PeipBIR9qHIBx1PV4U
58,15,ChIJb7gUzfmipBIRIoiMb8GScM0
59,15,ChIJc0WMe_GipBIRJiU_pUq_bRc
60,15,ChIJDQeJ-PiipBIRRKhLu4wgf-U
61,16,ChIJo1yu-Z-ipBIR3Jjf3Xwwh_Y
62,16,ChIJGVXrGlWZpBIR62E9FHV7VTA
63,16,ChIJPxzK0pmipBIR6RILH9uL_zo
64,16,ChIJ-fL3djWjpBIRxYwgD2lXsgw
65,17,ChIJo1yu-Z-ipBIR3Jjf3Xwwh_Y
66,17,ChIJGVXrGlWZpBIR62E9FHV7VTA
67,17,ChIJPxzK0pmipBIR6RILH9uL_zo
68,17,ChIJ-fL3djWjpBIRxYwgD2lXsgw
69,18,ChIJo1yu-Z-ipBIR3Jjf3Xwwh_Y
70,18,ChIJGVXrGlWZpBIR62E9FHV7VTA
71,18,ChIJPxzK0pmipBIR6RILH9uL_zo
72,18,ChIJ-fL3djWjpBIRxYwgD2lXsgw
73,19,ChIJo1yu-Z-ipBIR3Jjf3Xwwh_Y
74,19,ChIJGVXrGlWZpBIR62E9FHV7VTA
75,19,ChIJPxzK0pmipBIR6RILH9uL_zo
76,19,ChIJ-fL3djWjpBIRxYwgD2lXsgw
77,20,ChIJo1yu-Z-ipBIR3Jjf3Xwwh_Y
78,20,ChIJGVXrGlWZpBIR62E9FHV7VTA
79,20,ChIJPxzK0pmipBIR6RILH9uL_zo
80,20,ChIJ-fL3djWjpBIRxYwgD2lXsgw
81,21,ChIJ4eD9ztyipBIR_g1BtyluWPM
82,21,ChIJdWd8mMSjpBIRlU7wI7x356s
83,21,ChIJ12d3ZlmYpBIRStDXELkkdJE
84,21,ChIJD68YoJWipBIRWzQhzWcsALI
85,22,ChIJWxm_GPOipBIRYYt8fBKUWRI
86,22,ChIJzyCpuvOipBIR81q13eFJsyw
87,22,ChIJM5FFbvKipBIRdWugDh577Ao
88,22,ChIJ5XvzpJKipBIRrTCSZXbotTo
89,23,ChIJ12d3ZlmYpBIRStDXELkkdJE
90,23,ChIJZSW6S-eYpBIRpJ1QG2znF9E
91,23,ChIJNbGKpPyipBIRWOE2AiC82hc
92,23,ChIJC6CEtf2ipBIRkFQaF95uL1Q
93,24,ChIJJVQ6VneipBIRIV6uqvMfBI0
94,24,ChIJJ2JbaneipBIRpVQ6RTJSwLA
95,24,ChIJMU59xHGipBIRkdwlcgUWAYY
96,24,ChIJDwChfMujpBIRLwxQ13Y-1Uw
97,25,ChIJzyCpuvOipBIR81q13eFJsyw
98,25,ChIJWxm_GPOipBIRYYt8fBKUWRI
99,25,ChIJMSlpOfGipBIRf5cyHKdpsHg
100,25,ChIJ4aTqxfaipBIRi9Kz759j6GI
101,26,ChIJzyCpuvOipBIR81q13eFJsyw
102,26,ChIJWxm_GPOipBIRYYt8fBKUWRI
103,26,ChIJMSlpOfGipBIRf5cyHKdpsHg
104,26,ChIJ4aTqxfaipBIRi9Kz759j6GI
105,27,ChIJzyCpuvOipBIR81q13eFJsyw
106,27,ChIJWxm_GPOipBIRYYt8fBKUWRI
107,27,ChIJMSlpOfGipBIRf5cyHKdpsHg
108,27,ChIJ4aTqxfaipBIRi9Kz759j6GI
109,28,ChIJzyCpuvOipBIR81q13eFJsyw
110,28,ChIJWxm_GPOipBIRYYt8fBKUWRI
111,28,ChIJMSlpOfGipBIRf5cyHKdpsHg
112,28,ChIJ4aTqxfaipBIRi9Kz759j6GI
113,29,ChIJdWd8mMSjpBIRlU7wI7x356s
114,29,ChIJD68YoJWipBIRWzQhzWcsALI
115,29,ChIJ1eGKmZOipBIRah43T2Kjn8Q
116,29,ChIJbf9sA-yipBIRBsaWQtiGMLs
117,30,ChIJzyCpuvOipBIR81q13eFJsyw
118,30,ChIJWxm_GPOipBIRYYt8fBKUWRI
119,30,ChIJMSlpOfGipBIRf5cyHKdpsHg
120,30,ChIJ4aTqxfaipBIRi9Kz759j6GI
121,31,ChIJ12d3ZlmYpBIRStDXELkkdJE
122,31,ChIJNbGKpPyipBIRWOE2AiC82hc
123,31,ChIJC6CEtf2ipBIRkFQaF95uL1Q
124,31,ChIJeYwrA_uipBIRtLLknGLSRQA
125,32,ChIJD68YoJWipBIRWzQhzWcsALI
126,32,ChIJ1eGKmZOipBIRah43T2Kjn8Q
127,32,ChIJdWd8mMSjpBIRlU7wI7x356s
128,32,ChIJbf9sA-yipBIRBsaWQtiGMLs
129,33,ChIJzyCpuvOipBIR81q13eFJsyw
130,33,ChIJWxm_GPOipBIRYYt8fBKUWRI
131,33,ChIJMSlpOfGipBIRf5cyHKdpsHg
132,33,ChIJ4aTqxfaipBIRi9Kz759j6GI
133,34,ChIJWXpb8PeipBIR9qHIBx1PV4U
134,34,ChIJb7gUzfmipBIRIoiMb8GScM0
135,34,ChIJOyoByVCipBIR-mZapSxPHY8
136,34,ChIJc0WMe_GipBIRJiU_pUq_bRc
137,35,ChIJ12d3ZlmYpBIRStDXELkkdJE
138,35,ChIJNbGKpPyipBIRWOE2AiC82hc
139,35,ChIJC6CEtf2ipBIRkFQaF95uL1Q
140,35,ChIJeYwrA_uipBIRtLLknGLSRQA
141,36,ChIJiw6Np4eipBIRx85T7fm-Dr0
142,36,ChIJm0a9ZICipBIR7ZTc9Z5nhRs
143,36,ChIJTSzGu4WipBIRkznre9Zwis0
144,36,ChIJ94t14n2ipBIRNa_yg2jxglU
145,37,ChIJTSzGu4WipBIRkznre9Zwis0
146,37,ChIJ7R4q5M-jpBIRmp-8bSW0s6A
147,37,ChIJa5R8WNOjpBIRCA4ZjLwkQQU
148,37,ChIJiw6Np4eipBIRx85T7fm-Dr0
149,38,ChIJdWd8mMSjpBIRlU7wI7x356s
150,38,ChIJD68YoJWipBIRWzQhzWcsALI
151,38,ChIJ1eGKmZOipBIRah43T2Kjn8Q
152,38,ChIJbf9sA-yipBIRBsaWQtiGMLs
153,39,ChIJ12d3ZlmYpBIRStDXELkkdJE
154,39,ChIJZSW6S-eYpBIRpJ1QG2znF9E
155,39,ChIJNbGKpPyipBIRWOE2AiC82hc
156,39,ChIJC6CEtf2ipBIRkFQaF95uL1Q
157,40,ChIJbf9sA-yipBIRBsaWQtiGMLs
158,40,ChIJmcQFU8mjpBIRlChkxov5sC0
159,40,ChIJdWd8mMSjpBIRlU7wI7x356s
160,40,ChIJM5FFbvKipBIRdWugDh577Ao
161,41,ChIJbf9sA-yipBIRBsaWQtiGMLs
162,41,ChIJdWd8mMSjpBIRlU7wI7x356s
163,41,ChIJmcQFU8mjpBIRlChkxov5sC0
164,41,ChIJ1eGKmZOipBIRah43T2Kjn8Q
165,42,ChIJsdwp5lyYpBIRhBBtKFR6HSM
166,42,ChIJ7SJqF16YpBIREBCq47mBUEE
167,42,ChIJ8Xo6PvSYpBIRL-dJTf5d_Ws
168,42,ChIJwfQMJkeYpBIRn50XzIQP7y8
169,43,ChIJ8Xo6PvSYpBIRL-dJTf5d_Ws
170,43,ChIJJ2JbaneipBIRpVQ6RTJSwLA
171,43,ChIJ7SJqF16YpBIREBCq47mBUEE
172,43,ChIJJVQ6VneipBIRIV6uqvMfBI0
173,44,ChIJBTfBbwCjpBIRK-jjm940utc
174,44,ChIJa-K8mf6ipBIRY8wAB3EeASc
175,44,ChIJveK7vP6ipBIRiegu-jsxGX8
176,44,ChIJc0WMe_GipBIRJiU_pUq_bRc
177,45,ChIJ12d3ZlmYpBIRStDXELkkdJE
178,45,ChIJBTfBbwCjpBIRK-jjm940utc
179,45,ChIJC6CEtf2ipBIRkFQaF95uL1Q
180,45,ChIJa-K8mf6ipBIRY8wAB3EeASc
181,46,ChIJa-K8mf6ipBIRY8wAB3EeASc
182,46,ChIJveK7vP6ipBIRiegu-jsxGX8
183,46,ChIJC6CEtf2ipBIRkFQaF95uL1Q
184,46,ChIJH1jdYvmipBIRlOn_x70XWx0
185,47,ChIJzdmhJBqYpBIR83dP63GAFSA
186,47,ChIJa5QNlxWYpBIRRN0BciLU32Q
187,47,ChIJX_qwTEeYpBIRLYdiL1aD41s
188,47,ChIJwfQMJkeYpBIRn50XzIQP7y8
189,48,ChIJ12d3ZlmYpBIRStDXELkkdJE
190,48,ChIJNbGKpPyipBIRWOE2AiC82hc
191,48,ChIJC6CEtf2ipBIRkFQaF95uL1Q
192,48,ChIJeYwrA_uipBIRtLLknGLSRQA
193,49,ChIJOyoByVCipBIR-mZapSxPHY8
194,49,ChIJBTfBbwCjpBIRK-jjm940utc
195,49,ChIJWXpb8PeipBIR9qHIBx1PV4U
196,49,ChIJc0WMe_GipBIRJiU_pUq_bRc
197,50,ChIJC6CEtf2ipBIRkFQaF95uL1Q
198,50,ChIJBTfBbwCjpBIRK-jjm940utc
199,50,ChIJNbGKpPyipBIRWOE2AiC82hc
200,50,ChIJa-K8mf6ipBIRY8wAB3EeASc
201,51,ChIJNbGKpPyipBIRWOE2AiC82hc
202,51,ChIJeYwrA_uipBIRtLLknGLSRQA
203,51,ChIJC6CEtf2ipBIRkFQaF95uL1Q
204,51,ChIJH1jdYvmipBIRlOn_x70XWx0
205,52,ChIJM9xjHR2jpBIRtKSqpTXYsOs
206,52,ChIJpy2NoSGjpBIRoU68e_1AEoI
207,52,ChIJ7R4q5M-jpBIRmp-8bSW0s6A
208,52,ChIJ-fL3djWjpBIRxYwgD2lXsgw
209,53,ChIJc0WMe_GipBIRJiU_pUq_bRc
210,53,ChIJWXpb8PeipBIR9qHIBx1PV4U
211,53,ChIJb7gUzfmipBIRIoiMb8GScM0
212,53,ChIJDQeJ-PiipBIRRKhLu4wgf-U
213,54,ChIJ1eGKmZOipBIRah43T2Kjn8Q
214,54,ChIJD68YoJWipBIRWzQhzWcsALI
215,54,ChIJKf2c45mipBIRVnRr1lyRhRo
216,54,ChIJ-fL3djWjpBIRxYwgD2lXsgw
217,55,ChIJzyCpuvOipBIR81q13eFJsyw
218,55,ChIJWxm_GPOipBIRYYt8fBKUWRI
219,55,ChIJMSlpOfGipBIRf5cyHKdpsHg
220,55,ChIJ4aTqxfaipBIRi9Kz759j6GI
221,56,ChIJdWd8mMSjpBIRlU7wI7x356s
222,56,ChIJbf9sA-yipBIRBsaWQtiGMLs
223,56,ChIJD68YoJWipBIRWzQhzWcsALI
224,56,ChIJ1eGKmZOipBIRah43T2Kjn8Q
225,57,ChIJ4eD9ztyipBIR_g1BtyluWPM
226,57,ChIJ12d3ZlmYpBIRStDXELkkdJE
227,57,ChIJdWd8mMSjpBIRlU7wI7x356s
228,57,ChIJZSW6S-eYpBIRpJ1QG2znF9E
229,58,ChIJzyCpuvOipBIR81q13eFJsyw
230,58,ChIJWxm_GPOipBIRYYt8fBKUWRI
231,58,ChIJMSlpOfGipBIRf5cyHKdpsHg
232,58,ChIJ4aTqxfaipBIRi9Kz759j6GI
233,59,ChIJzyCpuvOipBIR81q13eFJsyw
234,59,ChIJWxm_GPOipBIRYYt8fBKUWRI
235,59,ChIJMSlpOfGipBIRf5cyHKdpsHg
236,59,ChIJ4aTqxfaipBIRi9Kz759j6GI
237,60,ChIJzyCpuvOipBIR81q13eFJsyw
238,60,ChIJWxm_GPOipBIRYYt8fBKUWRI
239,60,ChIJMSlpOfGipBIRf5cyHKdpsHg
240,60,ChIJ4aTqxfaipBIRi9Kz759j6GI
241,61,ChIJzyCpuvOipBIR81q13eFJsyw
242,61,ChIJWxm_GPOipBIRYYt8fBKUWRI
243,61,ChIJMSlpOfGipBIRf5cyHKdpsHg
244,61,ChIJ4aTqxfaipBIRi9Kz759j6GI
245,62,ChIJzyCpuvOipBIR81q13eFJsyw
246,62,ChIJWxm_GPOipBIRYYt8fBKUWRI
247,62,ChIJMSlpOfGipBIRf5cyHKdpsHg
248,62,ChIJ4aTqxfaipBIRi9Kz759j6GI
249,63,ChIJa5R8WNOjpBIRCA4ZjLwkQQU
250,63,ChIJ-fL3djWjpBIRxYwgD2lXsgw
251,63,ChIJGVXrGlWZpBIR62E9FHV7VTA
252,63,ChIJKf2c45mipBIRVnRr1lyRhRo
253,64,ChIJ0V6MrPWipBIRKnssXv0o_Y4
254,64,ChIJLcC0-PSipBIRdHiFCj_ewdY
255,64,ChIJN4zPLvSipBIRnANNEEwB15Q
256,64,ChIJfx2I8vaipBIR2bIdtf-roQE
257,65,ChIJMStor32ipBIRRP9xCurvX40
258,65,ChIJDwChfMujpBIRLwxQ13Y-1Uw
259,65,ChIJLcelLmmipBIRqmlJrcEfypY
260,65,ChIJJVQ6VneipBIRIV6uqvMfBI0
261,66,ChIJTSzGu4WipBIRkznre9Zwis0
262,66,ChIJiw6Np4eipBIRx85T7fm-Dr0
263,66,ChIJpy2NoSGjpBIRoU68e_1AEoI
264,66,ChIJM9xjHR2jpBIRtKSqpTXYsOs
265,67,ChIJD68YoJWipBIRWzQhzWcsALI
266,67,ChIJdWd8mMSjpBIRlU7wI7x356s
267,67,ChIJPxzK0pmipBIR6RILH9uL_zo
268,67,ChIJ1eGKmZOipBIRah43T2Kjn8Q
269,68,ChIJJ2JbaneipBIRpVQ6RTJSwLA
270,68,ChIJJVQ6VneipBIRIV6uqvMfBI0
271,68,ChIJDwChfMujpBIRLwxQ13Y-1Uw
272,68,ChIJm0a9ZICipBIR7ZTc9Z5nhRs
273,69,ChIJJ2JbaneipBIRpVQ6RTJSwLA
274,69,ChIJJVQ6VneipBIRIV6uqvMfBI0
275,69,ChIJDwChfMujpBIRLwxQ13Y-1Uw
276,69,ChIJm0a9ZICipBIR7ZTc9Z5nhRs
277,70,ChIJJ2JbaneipBIRpVQ6RTJSwLA
278,70,ChIJJVQ6VneipBIRIV6uqvMfBI0
279,70,ChIJDwChfMujpBIRLwxQ13Y-1Uw
280,70,ChIJm0a9ZICipBIR7ZTc9Z5nhRs
281,71,ChIJJ2JbaneipBIRpVQ6RTJSwLA
282,71,ChIJJVQ6VneipBIRIV6uqvMfBI0
283,71,ChIJDwChfMujpBIRLwxQ13Y-1Uw
284,71,ChIJm0a9ZICipBIR7ZTc9Z5nhRs
285,72,ChIJJ2JbaneipBIRpVQ6RTJSwLA
286,72,ChIJJVQ6VneipBIRIV6uqvMfBI0
287,72,ChIJDwChfMujpBIRLwxQ13Y-1Uw
288,72,ChIJm0a9ZICipBIR7ZTc9Z5nhRs
289,73,ChIJN4zPLvSipBIRnANNEEwB15Q
290,73,ChIJfx2I8vaipBIR2bIdtf-roQE
291,73,ChIJLcC0-PSipBIRdHiFCj_ewdY
292,73,ChIJ0V6MrPWipBIRKnssXv0o_Y4
293,74,ChIJN4zPLvSipBIRnANNEEwB15Q
294,74,ChIJfx2I8vaipBIR2bIdtf-roQE
295,74,ChIJLcC0-PSipBIRdHiFCj_ewdY
296,74,ChIJ0V6MrPWipBIRKnssXv0o_Y4
297,75,ChIJN4zPLvSipBIRnANNEEwB15Q
298,75,ChIJfx2I8vaipBIR2bIdtf-roQE
299,75,ChIJLcC0-PSipBIRdHiFCj_ewdY
300,75,ChIJ0V6MrPWipBIRKnssXv0o_Y4
301,76,ChIJN4zPLvSipBIRnANNEEwB15Q
302,76,ChIJfx2I8vaipBIR2bIdtf-roQE
303,76,ChIJLcC0-PSipBIRdHiFCj_ewdY
304,76,ChIJ0V6MrPWipBIRKnssXv0o_Y4
305,77,ChIJN4zPLvSipBIRnANNEEwB15Q
306,77,ChIJfx2I8vaipBIR2bIdtf-roQE
307,77,ChIJLcC0-PSipBIRdHiFCj_ewdY
308,77,ChIJ0V6MrPWipBIRKnssXv0o_Y4
309,78,ChIJeYwrA_uipBIRtLLknGLSRQA
310,78,ChIJNbGKpPyipBIRWOE2AiC82hc
311,78,ChIJH1jdYvmipBIRlOn_x70XWx0
312,78,ChIJC6CEtf2ipBIRkFQaF95uL1Q
313,79,ChIJeYwrA_uipBIRtLLknGLSRQA
314,79,ChIJNbGKpPyipBIRWOE2AiC82hc
315,79,ChIJH1jdYvmipBIRlOn_x70XWx0
316,79,ChIJC6CEtf2ipBIRkFQaF95uL1Q
317,80,ChIJeYwrA_uipBIRtLLknGLSRQA
318,80,ChIJNbGKpPyipBIRWOE2AiC82hc
319,80,ChIJH1jdYvmipBIRlOn_x70XWx0
320,80,ChIJC6CEtf2ipBIRkFQaF95uL1Q
321,81,ChIJeYwrA_uipBIRtLLknGLSRQA
322,81,ChIJNbGKpPyipBIRWOE2AiC82hc
323,81,ChIJH1jdYvmipBIRlOn_x70XWx0
324,81,ChIJC6CEtf2ipBIRkFQaF95uL1Q
325,82,ChIJeYwrA_uipBIRtLLknGLSRQA
326,82,ChIJNbGKpPyipBIRWOE2AiC82hc
327,82,ChIJH1jdYvmipBIRlOn_x70XWx0
328,82,ChIJC6CEtf2ipBIRkFQaF95uL1Q
329,83,ChIJ4eD9ztyipBIR_g1BtyluWPM
330,83,ChIJ12d3ZlmYpBIRStDXELkkdJE
331,83,ChIJdWd8mMSjpBIRlU7wI7x356s
332,83,ChIJD68YoJWipBIRWzQhzWcsALI
333,84,ChIJm0a9ZICipBIR7ZTc9Z5nhRs
334,84,ChIJ94t14n2ipBIRNa_yg2jxglU
335,84,ChIJbUoOOHiYpBIRX1PEvAqGZP4
336,84,ChIJiw6Np4eipBIRx85T7fm-Dr0
337,85,ChIJdWd8mMSjpBIRlU7wI7x356s
338,85,ChIJbf9sA-yipBIRBsaWQtiGMLs
339,85,ChIJ12d3ZlmYpBIRStDXELkkdJE
340,85,ChIJD68YoJWipBIRWzQhzWcsALI
341,86,ChIJ12d3ZlmYpBIRStDXELkkdJE
342,86,ChIJNbGKpPyipBIRWOE2AiC82hc
343,86,ChIJC6CEtf2ipBIRkFQaF95uL1Q
344,86,ChIJeYwrA_uipBIRtLLknGLSRQA
345,87,ChIJ12d3ZlmYpBIRStDXELkkdJE
346,87,ChIJNbGKpPyipBIRWOE2AiC82hc
347,87,ChIJC6CEtf2ipBIRkFQaF95uL1Q
348,87,ChIJeYwrA_uipBIRtLLknGLSRQA
349,88,ChIJ1eGKmZOipBIRah43T2Kjn8Q
350,88,ChIJD68YoJWipBIRWzQhzWcsALI
351,88,ChIJdWd8mMSjpBIRlU7wI7x356s
352,88,ChIJbf9sA-yipBIRBsaWQtiGMLs
353,89,ChIJ1eGKmZOipBIRah43T2Kjn8Q
354,89,ChIJD68YoJWipBIRWzQhzWcsALI
355,89,ChIJdWd8mMSjpBIRlU7wI7x356s
356,89,ChIJbf9sA-yipBIRBsaWQtiGMLs
357,90,ChIJ1eGKmZOipBIRah43T2Kjn8Q
358,90,ChIJD68YoJWipBIRWzQhzWcsALI
359,90,ChIJdWd8mMSjpBIRlU7wI7x356s
360,90,ChIJbf9sA-yipBIRBsaWQtiGMLs
361,91,ChIJ1eGKmZOipBIRah43T2Kjn8Q
362,91,ChIJD68YoJWipBIRWzQhzWcsALI
363,91,ChIJdWd8mMSjpBIRlU7wI7x356s
364,91,ChIJbf9sA-yipBIRBsaWQtiGMLs
365,92,ChIJ1eGKmZOipBIRah43T2Kjn8Q
366,92,ChIJD68YoJWipBIRWzQhzWcsALI
367,92,ChIJdWd8mMSjpBIRlU7wI7x356s
368,92,ChIJbf9sA-yipBIRBsaWQtiGMLs
369,93,ChIJM5FFbvKipBIRdWugDh577Ao
370,93,ChIJmcQFU8mjpBIRlChkxov5sC0
371,93,ChIJzyCpuvOipBIR81q13eFJsyw
372,93,ChIJMSlpOfGipBIRf5cyHKdpsHg
373,94,ChIJM5FFbvKipBIRdWugDh577Ao
374,94,ChIJmcQFU8mjpBIRlChkxov5sC0
375,94,ChIJzyCpuvOipBIR81q13eFJsyw
376,94,ChIJMSlpOfGipBIRf5cyHKdpsHg
377,95,ChIJM5FFbvKipBIRdWugDh577Ao
378,95,ChIJmcQFU8mjpBIRlChkxov5sC0
379,95,ChIJzyCpuvOipBIR81q13eFJsyw
380,95,ChIJMSlpOfGipBIRf5cyHKdpsHg
381,96,ChIJM5FFbvKipBIRdWugDh577Ao
382,96,ChIJmcQFU8mjpBIRlChkxov5sC0
383,96,ChIJzyCpuvOipBIR81q13eFJsyw
384,96,ChIJMSlpOfGipBIRf5cyHKdpsHg
385,97,ChIJM5FFbvKipBIRdWugDh577Ao
386,97,ChIJmcQFU8mjpBIRlChkxov5sC0
387,97,ChIJzyCpuvOipBIR81q13eFJsyw
388,97,ChIJMSlpOfGipBIRf5cyHKdpsHg
389,98,ChIJOyoByVCipBIR-mZapSxPHY8
390,98,ChIJBTfBbwCjpBIRK-jjm940utc
391,98,ChIJWXpb8PeipBIR9qHIBx1PV4U
392,98,ChIJc0WMe_GipBIRJiU_pUq_bRc
393,99,ChIJOyoByVCipBIR-mZapSxPHY8
394,99,ChIJBTfBbwCjpBIRK-jjm940utc
395,99,ChIJWXpb8PeipBIR9qHIBx1PV4U
396,99,ChIJc0WMe_GipBIRJiU_pUq_bRc
397,100,ChIJOyoByVCipBIR-mZapSxPHY8
398,100,ChIJBTfBbwCjpBIRK-jjm940utc
399,100,ChIJWXpb8PeipBIR9qHIBx1PV4U
400,100,ChIJc0WMe_GipBIRJiU_pUq_bRc
401,101,ChIJOyoByVCipBIR-mZapSxPHY8
402,101,ChIJBTfBbwCjpBIRK-jjm940utc
403,101,ChIJWXpb8PeipBIR9qHIBx1PV4U
404,101,ChIJc0WMe_GipBIRJiU_pUq_bRc
405,102,ChIJOyoByVCipBIR-mZapSxPHY8
406,102,ChIJBTfBbwCjpBIRK-jjm940utc
407,102,ChIJWXpb8PeipBIR9qHIBx1PV4U
408,102,ChIJc0WMe_GipBIRJiU_pUq_bRc
409,103,ChIJ12d3ZlmYpBIRStDXELkkdJE
410,103,ChIJC6CEtf2ipBIRkFQaF95uL1Q
411,103,ChIJNbGKpPyipBIRWOE2AiC82hc
412,103,ChIJa-K8mf6ipBIRY8wAB3EeASc
413,104,ChIJC6CEtf2ipBIRkFQaF95uL1Q
414,104,ChIJa-K8mf6ipBIRY8wAB3EeASc
415,104,ChIJNbGKpPyipBIRWOE2AiC82hc
416,104,ChIJveK7vP6ipBIRiegu-jsxGX8
417,105,ChIJOyoByVCipBIR-mZapSxPHY8
418,105,ChIJWXpb8PeipBIR9qHIBx1PV4U
419,105,ChIJLcelLmmipBIRqmlJrcEfypY
420,105,ChIJ0V6MrPWipBIRKnssXv0o_Y4
421,106,ChIJNbGKpPyipBIRWOE2AiC82hc
422,106,ChIJC6CEtf2ipBIRkFQaF95uL1Q
423,106,ChIJeYwrA_uipBIRtLLknGLSRQA
424,106,ChIJa-K8mf6ipBIRY8wAB3EeASc
425,107,ChIJ1eGKmZOipBIRah43T2Kjn8Q
426,107,ChIJD68YoJWipBIRWzQhzWcsALI
427,107,ChIJKf2c45mipBIRVnRr1lyRhRo
428,107,ChIJ-fL3djWjpBIRxYwgD2lXsgw
429,108,ChIJOyoByVCipBIR-mZapSxPHY8
430,108,ChIJBTfBbwCjpBIRK-jjm940utc
431,108,ChIJWXpb8PeipBIR9qHIBx1PV4U
432,108,ChIJc0WMe_GipBIRJiU_pUq_bRc
433,109,ChIJOyoByVCipBIR-mZapSxPHY8
434,109,ChIJBTfBbwCjpBIRK-jjm940utc
435,109,ChIJWXpb8PeipBIR9qHIBx1PV4U
436,109,ChIJc0WMe_GipBIRJiU_pUq_bRc
437,110,ChIJOyoByVCipBIR-mZapSxPHY8
438,110,ChIJBTfBbwCjpBIRK-jjm940utc
439,110,ChIJWXpb8PeipBIR9qHIBx1PV4U
440,110,ChIJc0WMe_GipBIRJiU_pUq_bRc
441,111,ChIJOyoByVCipBIR-mZapSxPHY8
442,111,ChIJBTfBbwCjpBIRK-jjm940utc
443,111,ChIJWXpb8PeipBIR9qHIBx1PV4U
444,111,ChIJc0WMe_GipBIRJiU_pUq_bRc
445,112,ChIJ12d3ZlmYpBIRStDXELkkdJE
446,112,ChIJBTfBbwCjpBIRK-jjm940utc
447,112,ChIJC6CEtf2ipBIRkFQaF95uL1Q
448,112,ChIJa-K8mf6ipBIRY8wAB3EeASc
449,113,ChIJ12d3ZlmYpBIRStDXELkkdJE
450,113,ChIJNbGKpPyipBIRWOE2AiC82hc
451,113,ChIJC6CEtf2ipBIRkFQaF95uL1Q
452,113,ChIJeYwrA_uipBIRtLLknGLSRQA
453,114,ChIJ4eD9ztyipBIR_g1BtyluWPM
454,114,ChIJPxzK0pmipBIR6RILH9uL_zo
455,114,ChIJD68YoJWipBIRWzQhzWcsALI
456,114,ChIJo1yu-Z-ipBIR3Jjf3Xwwh_Y
457,115,ChIJC6CEtf2ipBIRkFQaF95uL1Q
458,115,ChIJa-K8mf6ipBIRY8wAB3EeASc
459,115,ChIJveK7vP6ipBIRiegu-jsxGX8
460,115,ChIJBTfBbwCjpBIRK-jjm940utc
461,116,ChIJiw6Np4eipBIRx85T7fm-Dr0
462,116,ChIJMStor32ipBIRRP9xCurvX40
463,116,ChIJ94t14n2ipBIRNa_yg2jxglU
464,116,ChIJDwChfMujpBIRLwxQ13Y-1Uw
465,117,ChIJiw6Np4eipBIRx85T7fm-Dr0
466,117,ChIJMStor32ipBIRRP9xCurvX40
467,117,ChIJ94t14n2ipBIRNa_yg2jxglU
468,117,ChIJDwChfMujpBIRLwxQ13Y-1Uw
469,118,ChIJiw6Np4eipBIRx85T7fm-Dr0
470,118,ChIJMStor32ipBIRRP9xCurvX40
471,118,ChIJ94t14n2ipBIRNa_yg2jxglU
472,118,ChIJDwChfMujpBIRLwxQ13Y-1Uw
473,119,ChIJiw6Np4eipBIRx85T7fm-Dr0
474,119,ChIJMStor32ipBIRRP9xCurvX40
475,119,ChIJ94t14n2ipBIRNa_yg2jxglU
476,119,ChIJDwChfMujpBIRLwxQ13Y-1Uw
477,120,ChIJiw6Np4eipBIRx85T7fm-Dr0
478,120,ChIJMStor32ipBIRRP9xCurvX40
479,120,ChIJ94t14n2ipBIRNa_yg2jxglU
480,120,ChIJDwChfMujpBIRLwxQ13Y-1Uw
481,121,ChIJo1yu-Z-ipBIR3Jjf3Xwwh_Y
482,121,ChIJGVXrGlWZpBIR62E9FHV7VTA
483,121,ChIJPxzK0pmipBIR6RILH9uL_zo
484,121,ChIJ-fL3djWjpBIRxYwgD2lXsgw
485,122,ChIJiw6Np4eipBIRx85T7fm-Dr0
486,122,ChIJ94t14n2ipBIRNa_yg2jxglU
487,122,ChIJMStor32ipBIRRP9xCurvX40
488,122,ChIJm0a9ZICipBIR7ZTc9Z5nhRs
489,123,ChIJ4eD9ztyipBIR_g1BtyluWPM
490,123,ChIJPxzK0pmipBIR6RILH9uL_zo
491,123,ChIJo1yu-Z-ipBIR3Jjf3Xwwh_Y
492,123,ChIJD68YoJWipBIRWzQhzWcsALI
493,124,ChIJ4eD9ztyipBIR_g1BtyluWPM
494,124,ChIJPxzK0pmipBIR6RILH9uL_zo
495,124,ChIJo1yu-Z-ipBIR3Jjf3Xwwh_Y
496,124,ChIJD68YoJWipBIRWzQhzWcsALI
497,125,ChIJ4eD9ztyipBIR_g1BtyluWPM
498,125,ChIJPxzK0pmipBIR6RILH9uL_zo
499,125,ChIJo1yu-Z-ipBIR3Jjf3Xwwh_Y
500,125,ChIJD68YoJWipBIRWzQhzWcsALI
501,126,ChIJ4eD9ztyipBIR_g1BtyluWPM
502,126,ChIJPxzK0pmipBIR6RILH9uL_zo
503,126,ChIJo1yu-Z-ipBIR3Jjf3Xwwh_Y
504,126,ChIJD68YoJWipBIRWzQhzWcsALI
505,127,ChIJ4eD9ztyipBIR_g1BtyluWPM
506,127,ChIJPxzK0pmipBIR6RILH9uL_zo
507,127,ChIJo1yu-Z-ipBIR3Jjf3Xwwh_Y
508,127,ChIJD68YoJWipBIRWzQhzWcsALI
509,128,ChIJm0a9ZICipBIR7ZTc9Z5nhRs
510,128,ChIJ94t14n2ipBIRNa_yg2jxglU
511,128,ChIJDwChfMujpBIRLwxQ13Y-1Uw
512,128,ChIJMStor32ipBIRRP9xCurvX40
513,129,ChIJ12d3ZlmYpBIRStDXELkkdJE
514,129,ChIJ4eD9ztyipBIR_g1BtyluWPM
515,129,ChIJdWd8mMSjpBIRlU7wI7x356s
516,129,ChIJD68YoJWipBIRWzQhzWcsALI
517,130,ChIJDwChfMujpBIRLwxQ13Y-1Uw
518,130,ChIJ94t14n2ipBIRNa_yg2jxglU
519,130,ChIJMStor32ipBIRRP9xCurvX40
520,130,ChIJJVQ6VneipBIRIV6uqvMfBI0
521,131,ChIJNbGKpPyipBIRWOE2AiC82hc
522,131,ChIJeYwrA_uipBIRtLLknGLSRQA
523,131,ChIJC6CEtf2ipBIRkFQaF95uL1Q
524,131,ChIJmcQFU8mjpBIRlChkxov5sC0
525,132,ChIJ12d3ZlmYpBIRStDXELkkdJE
526,132,ChIJZSW6S-eYpBIRpJ1QG2znF9E
527,132,ChIJNbGKpPyipBIRWOE2AiC82hc
528,132,ChIJC6CEtf2ipBIRkFQaF95uL1Q
529,133,ChIJ12d3ZlmYpBIRStDXELkkdJE
530,133,ChIJZSW6S-eYpBIRpJ1QG2znF9E
531,133,ChIJNbGKpPyipBIRWOE2AiC82hc
532,133,ChIJC6CEtf2ipBIRkFQaF95uL1Q
533,134,ChIJ12d3ZlmYpBIRStDXELkkdJE
534,134,ChIJZSW6S-eYpBIRpJ1QG2znF9E
535,134,ChIJNbGKpPyipBIRWOE2AiC82hc
536,134,ChIJC6CEtf2ipBIRkFQaF95uL1Q
537,135,ChIJ12d3ZlmYpBIRStDXELkkdJE
538,135,ChIJZSW6S-eYpBIRpJ1QG2znF9E
539,135,ChIJNbGKpPyipBIRWOE2AiC82hc
540,135,ChIJC6CEtf2ipBIRkFQaF95uL1Q
541,136,ChIJ12d3ZlmYpBIRStDXELkkdJE
542,136,ChIJZSW6S-eYpBIRpJ1QG2znF9E
543,136,ChIJNbGKpPyipBIRWOE2AiC82hc
544,136,ChIJC6CEtf2ipBIRkFQaF95uL1Q
545,137,ChIJa-K8mf6ipBIRY8wAB3EeASc
546,137,ChIJC6CEtf2ipBIRkFQaF95uL1Q
547,137,ChIJveK7vP6ipBIRiegu-jsxGX8
548,137,ChIJBTfBbwCjpBIRK-jjm940utc
549,138,ChIJ12d3ZlmYpBIRStDXELkkdJE
550,138,ChIJNbGKpPyipBIRWOE2AiC82hc
551,138,ChIJC6CEtf2ipBIRkFQaF95uL1Q
552,138,ChIJZSW6S-eYpBIRpJ1QG2znF9E
553,139,ChIJJVQ6VneipBIRIV6uqvMfBI0
554,139,ChIJMU59xHGipBIRkdwlcgUWAYY
555,139,ChIJDwChfMujpBIRLwxQ13Y-1Uw
556,139,ChIJLcelLmmipBIRqmlJrcEfypY
557,140,ChIJ12d3ZlmYpBIRStDXELkkdJE
558,140,ChIJC6CEtf2ipBIRkFQaF95uL1Q
559,140,ChIJNbGKpPyipBIRWOE2AiC82hc
560,140,ChIJa-K8mf6ipBIRY8wAB3EeASc
561,141,ChIJ12d3ZlmYpBIRStDXELkkdJE
562,141,ChIJNbGKpPyipBIRWOE2AiC82hc
563,141,ChIJC6CEtf2ipBIRkFQaF95uL1Q
564,141,ChIJa-K8mf6ipBIRY8wAB3EeASc
565,142,ChIJ0V6MrPWipBIRKnssXv0o_Y4
566,142,ChIJLcC0-PSipBIRdHiFCj_ewdY
567,142,ChIJN4zPLvSipBIRnANNEEwB15Q
568,142,ChIJfx2I8vaipBIR2bIdtf-roQE
569,143,ChIJZSW6S-eYpBIRpJ1QG2znF9E
570,143,ChIJ12d3ZlmYpBIRStDXELkkdJE
571,143,ChIJNbGKpPyipBIRWOE2AiC82hc
572,143,ChIJC6CEtf2ipBIRkFQaF95uL1Q
573,144,ChIJZSW6S-eYpBIRpJ1QG2znF9E
574,144,ChIJ12d3ZlmYpBIRStDXELkkdJE
575,144,ChIJNbGKpPyipBIRWOE2AiC82hc
576,144,ChIJC6CEtf2ipBIRkFQaF95uL1Q
577,145,ChIJZSW6S-eYpBIRpJ1QG2znF9E
578,145,ChIJ12d3ZlmYpBIRStDXELkkdJE
579,145,ChIJNbGKpPyipBIRWOE2AiC82hc
580,145,ChIJC6CEtf2ipBIRkFQaF95uL1Q
581,146,ChIJZSW6S-eYpBIRpJ1QG2znF9E
582,146,ChIJ12d3ZlmYpBIRStDXELkkdJE
583,146,ChIJNbGKpPyipBIRWOE2AiC82hc
584,146,ChIJC6CEtf2ipBIRkFQaF95uL1Q
585,147,ChIJZSW6S-eYpBIRpJ1QG2znF9E
586,147,ChIJ12d3ZlmYpBIRStDXELkkdJE
587,147,ChIJNbGKpPyipBIRWOE2AiC82hc
588,147,ChIJC6CEtf2ipBIRkFQaF95uL1Q
589,148,ChIJ12d3ZlmYpBIRStDXELkkdJE
590,148,ChIJNbGKpPyipBIRWOE2AiC82hc
591,148,ChIJC6CEtf2ipBIRkFQaF95uL1Q
592,148,ChIJeYwrA_uipBIRtLLknGLSRQA
593,149,ChIJm0a9ZICipBIR7ZTc9Z5nhRs
594,149,ChIJ94t14n2ipBIRNa_yg2jxglU
595,149,ChIJDwChfMujpBIRLwxQ13Y-1Uw
596,149,ChIJMStor32ipBIRRP9xCurvX40
597,150,ChIJ12d3ZlmYpBIRStDXELkkdJE
598,150,ChIJNbGKpPyipBIRWOE2AiC82hc
599,150,ChIJC6CEtf2ipBIRkFQaF95uL1Q
600,150,ChIJeYwrA_uipBIRtLLknGLSRQA
601,151,ChIJ12d3ZlmYpBIRStDXELkkdJE
602,151,ChIJNbGKpPyipBIRWOE2AiC82hc
603,151,ChIJC6CEtf2ipBIRkFQaF95uL1Q
604,151,ChIJeYwrA_uipBIRtLLknGLSRQA
605,152,ChIJ12d3ZlmYpBIRStDXELkkdJE
606,152,ChIJNbGKpPyipBIRWOE2AiC82hc
607,152,ChIJC6CEtf2ipBIRkFQaF95uL1Q
608,152,ChIJeYwrA_uipBIRtLLknGLSRQA
609,153,ChIJ12d3ZlmYpBIRStDXELkkdJE
610,153,ChIJNbGKpPyipBIRWOE2AiC82hc
611,153,ChIJC6CEtf2ipBIRkFQaF95uL1Q
612,153,ChIJeYwrA_uipBIRtLLknGLSRQA
613,154,ChIJ12d3ZlmYpBIRStDXELkkdJE
614,154,ChIJNbGKpPyipBIRWOE2AiC82hc
615,154,ChIJC6CEtf2ipBIRkFQaF95uL1Q
616,154,ChIJeYwrA_uipBIRtLLknGLSRQA
617,155,ChIJNbGKpPyipBIRWOE2AiC82hc
618,155,ChIJeYwrA_uipBIRtLLknGLSRQA
619,155,ChIJmcQFU8mjpBIRlChkxov5sC0
620,155,ChIJbf9sA-yipBIRBsaWQtiGMLs
621,156,ChIJNbGKpPyipBIRWOE2AiC82hc
622,156,ChIJ12d3ZlmYpBIRStDXELkkdJE
623,156,ChIJeYwrA_uipBIRtLLknGLSRQA
624,156,ChIJbf9sA-yipBIRBsaWQtiGMLs
625,157,ChIJZSW6S-eYpBIRpJ1QG2znF9E
626,157,ChIJ12d3ZlmYpBIRStDXELkkdJE
627,157,ChIJdWd8mMSjpBIRlU7wI7x356s
628,157,ChIJNbGKpPyipBIRWOE2AiC82hc
